step,direction,fraud_rate_at_alarm,type
1,down,105402.20869645494,amount
2,down,84735.30968441814,amount
3,down,78430.9500362319,amount
4,down,129044.29835398232,amount
5,down,68493.36804511279,amount
6,down,98982.25977108434,amount
7,down,121826.9437238555,amount
8,up,163037.51279091815,amount
9,up,186254.3648195493,amount
10,up,197944.34424467228,amount
11,up,188369.44437609086,amount
12,up,179430.86384957941,amount
